datetime,temperature_2m,skin_temperature,relative_humidity,surface_pressure,wind_speed_10m,solar_radiation_down,precipitation
2023-06-01 00:00:00,17.3919888854414,17.2537245842702,20,102086.514928204,0.508874611387039,0,0
2023-06-01 01:00:00,17.3919888854414,17.2537245842702,20,102086.514928204,0.60203696624899,0,0
2023-06-01 02:00:00,17.3919888854414,17.2537245842702,20,102086.514928204,2.8391126216994,0,0
2023-06-01 03:00:00,17.3919888854414,17.2537245842702,20,102086.514928204,0.668207586386071,0,0
2023-06-01 04:00:00,17.3919888854414,17.2537245842702,20,102086.514928204,0.201791792637913,0,0
2023-06-01 05:00:00,17.3919888854414,17.2537245842702,20,102086.514928204,0.390456701863346,0,0
2023-06-01 06:00:00,17.3919888854414,17.2537245842702,20,102086.514928204,2.37367139394539,310.931915802693,0
2023-06-01 07:00:00,17.3919888854414,17.2537245842702,20,102086.514928204,5.2936735957228,253.785537466985,0
2023-06-01 08:00:00,17.3919888854414,17.2537245842702,20,102086.514928204,0.232427606433927,288.913760870984,0
2023-06-01 09:00:00,17.3919888854414,17.2537245842702,20,102086.514928204,1.2054564037539,260.909290712082,0
2023-06-01 10:00:00,17.3919888854414,17.2537245842702,20,102086.514928204,6.54675573720454,98.1085061742259,0
2023-06-01 11:00:00,17.3919888854414,17.2537245842702,20,102086.514928204,2.2190365163318,155.877896321457,0
2023-06-01 12:00:00,17.3919888854414,17.2537245842702,20,102086.514928204,7.14379658953793,0,0
2023-06-01 13:00:00,17.3919888854414,17.2537245842702,20,102086.514928204,4.88390682222167,0,0
2023-06-01 14:00:00,17.3919888854414,17.2537245842702,20,102086.514928204,0.776060238418144,0,0
2023-06-01 15:00:00,17.3919888854414,17.2537245842702,20,102086.514928204,0.38304117463694,0,0
2023-06-01 16:00:00,17.3919888854414,17.2537245842702,20,102086.514928204,1.35592349690089,0,0
2023-06-01 17:00:00,17.3919888854414,17.2537245842702,20,102086.514928204,0.469592582956409,0,0
2023-06-01 18:00:00,17.3919888854414,17.2537245842702,20,102086.514928204,1.37556839779291,0,0
2023-06-01 19:00:00,17.3919888854414,17.2537245842702,20,102086.514928204,3.39555520280205,0,0
2023-06-01 20:00:00,17.3919888854414,17.2537245842702,20,102086.514928204,3.52263758270316,0,0
2023-06-01 21:00:00,17.3919888854414,17.2537245842702,20,102086.514928204,5.09845221791766,0,0
2023-06-01 22:00:00,17.3919888854414,17.2537245842702,20,102086.514928204,1.24213952943397,0,0
2023-06-01 23:00:00,17.3919888854414,17.2537245842702,20,102086.514928204,3.08193208070312,0,0
2023-06-02 00:00:00,17.3919888854414,17.2537245842702,20,102086.514928204,3.16632444640575,0,0
2023-06-02 01:00:00,17.3919888854414,17.2537245842702,20,102086.514928204,3.1463214429083,0,0
2023-06-02 02:00:00,17.3919888854414,17.2537245842702,20,102086.514928204,0.924480443576494,0,0
2023-06-02 03:00:00,17.3919888854414,17.2537245842702,20,102086.514928204,4.7514757580652,0,0
2023-06-02 04:00:00,17.3919888854414,17.2537245842702,20,102086.514928204,0.988732105098789,0,0
2023-06-02 05:00:00,17.3919888854414,17.2537245842702,20,102086.514928204,0.0467319461158331,0,0
2023-06-02 06:00:00,17.3919888854414,17.2537245842702,20,102086.514928204,5.71417995743424,224.257638765707,0
2023-06-02 07:00:00,17.3919888854414,17.2537245842702,20,102086.514928204,2.53233700930697,301.325434033977,0
2023-06-02 08:00:00,17.3919888854414,17.2537245842702,20,102086.514928204,3.58222327590502,287.846847453743,0
2023-06-02 09:00:00,17.3919888854414,17.2537245842702,20,102086.514928204,6.05385014210374,213.328625079256,0
2023-06-02 10:00:00,17.3919888854414,17.2537245842702,20,102086.514928204,6.6219704290403,182.56956256529,0
2023-06-02 11:00:00,17.3919888854414,17.2537245842702,20,102086.514928204,1.87982084454633,0,0
2023-06-02 12:00:00,17.3919888854414,17.2537245842702,20,102086.514928204,4.40894382133721,0,0
2023-06-02 13:00:00,17.3919888854414,17.2537245842702,20,102086.514928204,2.33373132808423,0,0
2023-06-02 14:00:00,17.3919888854414,17.2537245842702,20,102086.514928204,1.7339502938199,0,0
2023-06-02 15:00:00,17.3919888854414,17.2537245842702,20,102086.514928204,0.510362224718562,0,0
2023-06-02 16:00:00,17.3919888854414,17.2537245842702,20,102086.514928204,1.63211359659615,0,0
2023-06-02 17:00:00,17.3919888854414,17.2537245842702,20,102086.514928204,1.92835378323868,0,0
2023-06-02 18:00:00,17.3919888854414,17.2537245842702,20,102086.514928204,3.02434360812274,0,0
2023-06-02 19:00:00,17.3919888854414,17.2537245842702,20,102086.514928204,3.22492429216499,0,0
2023-06-02 20:00:00,17.3919888854414,17.2537245842702,20,102086.514928204,8.45176636616146,0,0
2023-06-02 21:00:00,17.3919888854414,17.2537245842702,20,102086.514928204,8.514381438699,0,0
2023-06-02 22:00:00,17.3919888854414,17.2537245842702,20,102086.514928204,5.59057812029183,0,0
2023-06-02 23:00:00,17.3919888854414,17.2537245842702,20,102086.514928204,2.97419752929966,0,0
2023-06-03 00:00:00,17.3919888854414,17.2537245842702,20,102086.514928204,4.16626918801627,0,0
2023-06-03 01:00:00,17.3919888854414,17.2537245842702,20,102086.514928204,1.25020101279226,0,0
2023-06-03 02:00:00,17.3919888854414,17.2537245842702,20,102086.514928204,0.326512556420154,0,0
2023-06-03 03:00:00,17.3919888854414,17.2537245842702,20,102086.514928204,1.47896536218051,0,0
2023-06-03 04:00:00,17.3919888854414,17.2537245842702,20,102086.514928204,2.99769024117157,0,0
2023-06-03 05:00:00,17.3919888854414,17.2537245842702,20,102086.514928204,4.70458624866345,0,0
2023-06-03 06:00:00,17.3919888854414,17.2537245842702,20,102086.514928204,1.74766582496185,284.545374540154,0
2023-06-03 07:00:00,17.3919888854414,17.2537245842702,20,102086.514928204,0.263566565005815,301.962108461316,0
2023-06-03 08:00:00,17.3919888854414,17.2537245842702,20,102086.514928204,5.02672620984803,226.59624897011,0
2023-06-03 09:00:00,17.3919888854414,17.2537245842702,20,102086.514928204,0.353640623915641,204.135107857793,0
2023-06-03 10:00:00,17.3919888854414,17.2537245842702,20,102086.514928204,4.11179315278942,174.63432419002,0
2023-06-03 11:00:00,17.3919888854414,17.2537245842702,20,102086.514928204,0.229984127863365,78.2753335698461,0
2023-06-03 12:00:00,17.3919888854414,17.2537245842702,20,102086.514928204,1.81838326703085,60.02057742067,0
2023-06-03 13:00:00,17.3919888854414,17.2537245842702,20,102086.514928204,1.8691757964123,0,0
2023-06-03 14:00:00,17.3919888854414,17.2537245842702,20,102086.514928204,1.11113790466308,0,0
2023-06-03 15:00:00,17.3919888854414,17.2537245842702,20,102086.514928204,13.0928264046605,0,0
2023-06-03 16:00:00,17.3919888854414,17.2537245842702,20,102086.514928204,1.60750480898205,0,0
2023-06-03 17:00:00,17.3919888854414,17.2537245842702,20,102086.514928204,1.79648048219959,0,0
2023-06-03 18:00:00,17.3919888854414,17.2537245842702,20,102086.514928204,2.88801130422922,0,0
2023-06-03 19:00:00,17.3919888854414,17.2537245842702,20,102086.514928204,2.40826235706446,0,0
2023-06-03 20:00:00,17.3919888854414,17.2537245842702,20,102086.514928204,3.65299604339363,0,0
2023-06-03 21:00:00,17.3919888854414,17.2537245842702,20,102086.514928204,7.03518456894433,0,0
2023-06-03 22:00:00,17.3919888854414,17.2537245842702,20,102086.514928204,5.94942193105292,0,0
2023-06-03 23:00:00,17.3919888854414,17.2537245842702,20,102086.514928204,2.03547387800208,0,0
2023-06-04 00:00:00,17.3919888854414,17.2537245842702,20,102086.514928204,0.602239071103445,0,0
2023-06-04 01:00:00,17.3919888854414,17.2537245842702,20,102086.514928204,0.640652942985285,0,0
2023-06-04 02:00:00,17.3919888854414,17.2537245842702,20,102086.514928204,0.69327661903529,0,0
2023-06-04 03:00:00,17.3919888854414,17.2537245842702,20,102086.514928204,6.20440409546427,0,0
2023-06-04 04:00:00,17.3919888854414,17.2537245842702,20,102086.514928204,0.611938896185401,0,0
2023-06-04 05:00:00,17.3919888854414,17.2537245842702,20,102086.514928204,1.86267332766275,0,0
2023-06-04 06:00:00,17.3919888854414,17.2537245842702,20,102086.514928204,0.34008401562199,355.978745571729,0
2023-06-04 07:00:00,17.3919888854414,17.2537245842702,20,102086.514928204,0.0608260822509436,236.714616239391,0
2023-06-04 08:00:00,17.3919888854414,17.2537245842702,20,102086.514928204,0.272796283552368,333.804828079833,0
2023-06-04 09:00:00,17.3919888854414,17.2537245842702,20,102086.514928204,1.00128654078511,281.918631152392,0
2023-06-04 10:00:00,17.3919888854414,17.2537245842702,20,102086.514928204,0.619475236363741,125.643730811765,0
2023-06-04 11:00:00,17.3919888854414,17.2537245842702,20,102086.514928204,0.356482037092215,97.1583769799134,0
2023-06-04 12:00:00,17.3919888854414,17.2537245842702,20,102086.514928204,7.95115528487987,0,0
2023-06-04 13:00:00,17.3919888854414,17.2537245842702,20,102086.514928204,1.1732634393577,0,0
2023-06-04 14:00:00,17.3919888854414,17.2537245842702,20,102086.514928204,0.502994258312039,0,0
2023-06-04 15:00:00,17.3919888854414,17.2537245842702,20,102086.514928204,0.196416776317575,0,0
2023-06-04 16:00:00,17.3919888854414,17.2537245842702,20,102086.514928204,1.28712990511192,0,0
2023-06-04 17:00:00,17.3919888854414,17.2537245842702,20,102086.514928204,2.56328143259601,0,0
2023-06-04 18:00:00,17.3919888854414,17.2537245842702,20,102086.514928204,3.28264091704791,0,0
2023-06-04 19:00:00,17.3919888854414,17.2537245842702,20,102086.514928204,1.73482464334164,0,0
2023-06-04 20:00:00,17.3919888854414,17.2537245842702,20,102086.514928204,0.792727592991196,0,0
2023-06-04 21:00:00,17.3919888854414,17.2537245842702,20,102086.514928204,0.372943847573339,0,0
2023-06-04 22:00:00,17.3919888854414,17.2537245842702,20,102086.514928204,2.90332652268856,0,0
2023-06-04 23:00:00,17.3919888854414,17.2537245842702,20,102086.514928204,0.857008855646514,0,0
2023-06-05 00:00:00,17.3919888854414,17.2537245842702,20,102086.514928204,1.25602378063528,0,0
2023-06-05 01:00:00,17.3919888854414,17.2537245842702,20,102086.514928204,0.781179067334253,0,0
2023-06-05 02:00:00,17.3919888854414,17.2537245842702,20,102086.514928204,0.87025109777823,0,0
2023-06-05 03:00:00,17.3919888854414,17.2537245842702,20,102086.514928204,0.499408650385502,0,0
2023-06-05 04:00:00,17.3919888854414,17.2537245842702,20,102086.514928204,3.57861222157788,0,0
2023-06-05 05:00:00,17.3919888854414,17.2537245842702,20,102086.514928204,1.65562351176846,0,0
2023-06-05 06:00:00,17.3919888854414,17.2537245842702,20,102086.514928204,2.68414136048722,270.595658684272,0
2023-06-05 07:00:00,17.3919888854414,17.2537245842702,20,102086.514928204,1.27553133267237,293.443646246141,0
2023-06-05 08:00:00,17.3919888854414,17.2537245842702,20,102086.514928204,0.455459765794161,259.47494840377,0
2023-06-05 09:00:00,17.3919888854414,17.2537245842702,20,102086.514928204,0.0395428344769777,268.460285833352,0
2023-06-05 10:00:00,17.3919888854414,17.2537245842702,20,102086.514928204,0.208296152484763,110.872814738276,0
2023-06-05 11:00:00,17.3919888854414,17.2537245842702,20,102086.514928204,2.49613231102854,50.4744749740681,0
2023-06-05 12:00:00,17.3919888854414,17.2537245842702,20,102086.514928204,1.53629460382476,0,0
2023-06-05 13:00:00,17.3919888854414,17.2537245842702,20,102086.514928204,0.0771424461979411,9.96780864042489,0
2023-06-05 14:00:00,17.3919888854414,17.2537245842702,20,102086.514928204,0.0597221438764182,0,0
2023-06-05 15:00:00,17.3919888854414,17.2537245842702,20,102086.514928204,3.8432844392911,0,0
2023-06-05 16:00:00,17.3919888854414,17.2537245842702,20,102086.514928204,1.04080076583755,0,0
2023-06-05 17:00:00,17.3919888854414,17.2537245842702,20,102086.514928204,2.67695325042992,0,0
2023-06-05 18:00:00,17.3919888854414,17.2537245842702,20,102086.514928204,1.046399925787,0,0
2023-06-05 19:00:00,17.3919888854414,17.2537245842702,20,102086.514928204,3.01109199580361,0,0
2023-06-05 20:00:00,17.3919888854414,17.2537245842702,20,102086.514928204,0.565064590980222,0,0
2023-06-05 21:00:00,17.3919888854414,17.2537245842702,20,102086.514928204,3.16166590195808,0,0
2023-06-05 22:00:00,17.3919888854414,17.2537245842702,20,102086.514928204,0.578466085915657,0,0
2023-06-05 23:00:00,17.3919888854414,17.2537245842702,20,102086.514928204,0.545585115147817,0,0
2023-06-06 00:00:00,17.3919888854414,17.2537245842702,20,102086.514928204,1.02195657586244,0,0
2023-06-06 01:00:00,17.3919888854414,17.2537245842702,20,102086.514928204,3.26899776927804,0,0
2023-06-06 02:00:00,17.3919888854414,17.2537245842702,20,102086.514928204,2.05771786807857,0,0
2023-06-06 03:00:00,17.3919888854414,17.2537245842702,20,102086.514928204,3.49812796719942,0,0
2023-06-06 04:00:00,17.3919888854414,17.2537245842702,20,102086.514928204,0.952960844964096,0,0
2023-06-06 05:00:00,17.3919888854414,17.2537245842702,20,102086.514928204,0.614190845740398,0,0
2023-06-06 06:00:00,17.3919888854414,17.2537245842702,20,102086.514928204,3.5356615084246,354.039036277731,0
2023-06-06 07:00:00,17.3919888854414,17.2537245842702,20,102086.514928204,0.59745847616355,330.701984618647,0
2023-06-06 08:00:00,17.3919888854414,17.2537245842702,20,102086.514928204,5.94243212020608,293.882656003963,0
2023-06-06 09:00:00,17.3919888854414,17.2537245842702,20,102086.514928204,0.784128723591857,160.007790644607,0
2023-06-06 10:00:00,17.3919888854414,17.2537245842702,20,102086.514928204,1.15148882112048,159.827738825579,0
2023-06-06 11:00:00,17.3919888854414,17.2537245842702,20,102086.514928204,8.39397552837799,138.804261060329,0
2023-06-06 12:00:00,17.3919888854414,17.2537245842702,20,102086.514928204,1.64120872745707,72.6692238558851,0
2023-06-06 13:00:00,17.3919888854414,17.2537245842702,20,102086.514928204,1.05424406919692,0,0
2023-06-06 14:00:00,17.3919888854414,17.2537245842702,20,102086.514928204,2.85118251772931,0,0
2023-06-06 15:00:00,17.3919888854414,17.2537245842702,20,102086.514928204,0.786705084155888,0,0
2023-06-06 16:00:00,17.3919888854414,17.2537245842702,20,102086.514928204,3.57238620726401,0,0
2023-06-06 17:00:00,17.3919888854414,17.2537245842702,20,102086.514928204,2.69638357256076,0,0
2023-06-06 18:00:00,17.3919888854414,17.2537245842702,20,102086.514928204,3.19473750359586,0,0
2023-06-06 19:00:00,17.3919888854414,17.2537245842702,20,102086.514928204,3.85576673999121,0,0
2023-06-06 20:00:00,17.3919888854414,17.2537245842702,20,102086.514928204,1.96516541230677,0,0
2023-06-06 21:00:00,17.3919888854414,17.2537245842702,20,102086.514928204,0.931944436803212,0,0
2023-06-06 22:00:00,17.3919888854414,17.2537245842702,20,102086.514928204,3.58673899311595,0,0
2023-06-06 23:00:00,17.3919888854414,17.2537245842702,20,102086.514928204,1.22444094752793,0,0
2023-06-07 00:00:00,17.3919888854414,17.2537245842702,20,102086.514928204,0.0192190458522455,0,0
2023-06-07 01:00:00,17.3919888854414,17.2537245842702,20,102086.514928204,3.01541258382465,0,0
2023-06-07 02:00:00,17.3919888854414,17.2537245842702,20,102086.514928204,9.889863833303,0,0
2023-06-07 03:00:00,17.3919888854414,17.2537245842702,20,102086.514928204,1.07415724928472,0,0
2023-06-07 04:00:00,17.3919888854414,17.2537245842702,20,102086.514928204,0.140463717833865,0,0
2023-06-07 05:00:00,17.3919888854414,17.2537245842702,20,102086.514928204,3.44935718067246,0,0
2023-06-07 06:00:00,17.3919888854414,17.2537245842702,20,102086.514928204,3.54939671410972,356.092659471342,0
2023-06-07 07:00:00,17.3919888854414,17.2537245842702,20,102086.514928204,1.52047290902742,236.273509570413,0
2023-06-07 08:00:00,17.3919888854414,17.2537245842702,20,102086.514928204,0.718980244136574,263.517931825339,0
2023-06-07 09:00:00,17.3919888854414,17.2537245842702,20,102086.514928204,4.42107613167011,234.969695313653,0
2023-06-07 10:00:00,17.3919888854414,17.2537245842702,20,102086.514928204,4.77681761679492,98.4641248599238,0
2023-06-07 11:00:00,17.3919888854414,17.2537245842702,20,102086.514928204,0.199089152380379,6.1069584248539,0
2023-06-07 12:00:00,17.3919888854414,17.2537245842702,20,102086.514928204,0.0350657581527927,0,0
2023-06-07 13:00:00,17.3919888854414,17.2537245842702,20,102086.514928204,4.54035191609271,0,0
2023-06-07 14:00:00,17.3919888854414,17.2537245842702,20,102086.514928204,2.88822730488386,0,0
2023-06-07 15:00:00,17.3919888854414,17.2537245842702,20,102086.514928204,0.101300537116572,0,0
2023-06-07 16:00:00,17.3919888854414,17.2537245842702,20,102086.514928204,4.83712715733228,0,0
2023-06-07 17:00:00,17.3919888854414,17.2537245842702,20,102086.514928204,3.70392001218372,0,0
2023-06-07 18:00:00,17.3919888854414,17.2537245842702,20,102086.514928204,0.250519349274488,0,0
2023-06-07 19:00:00,17.3919888854414,17.2537245842702,20,102086.514928204,0.255464699666868,0,0
2023-06-07 20:00:00,17.3919888854414,17.2537245842702,20,102086.514928204,11.1723084283023,0,0
2023-06-07 21:00:00,17.3919888854414,17.2537245842702,20,102086.514928204,2.43149489734686,0,0
2023-06-07 22:00:00,17.3919888854414,17.2537245842702,20,102086.514928204,0.22481211550288,0,0
2023-06-07 23:00:00,17.3919888854414,17.2537245842702,20,102086.514928204,4.07261371424797,0,0
2023-06-08 00:00:00,17.3919888854414,17.2537245842702,20,102086.514928204,1.73204724310398,0,0
2023-06-08 01:00:00,17.3919888854414,17.2537245842702,20,102086.514928204,0.972323721255426,0,0
2023-06-08 02:00:00,17.3919888854414,17.2537245842702,20,102086.514928204,3.77449472738133,0,0
2023-06-08 03:00:00,17.3919888854414,17.2537245842702,20,102086.514928204,0.851990909983111,0,0
2023-06-08 04:00:00,17.3919888854414,17.2537245842702,20,102086.514928204,0.535671892852894,0,0
2023-06-08 05:00:00,17.3919888854414,17.2537245842702,20,102086.514928204,10.5018313632732,0,0
2023-06-08 06:00:00,17.3919888854414,17.2537245842702,20,102086.514928204,1.69103157205678,275.312170841934,0
2023-06-08 07:00:00,17.3919888854414,17.2537245842702,20,102086.514928204,0.112082184028448,332.131698385972,0
2023-06-08 08:00:00,17.3919888854414,17.2537245842702,20,102086.514928204,0.691415551111721,271.747079086657,0
2023-06-08 09:00:00,17.3919888854414,17.2537245842702,20,102086.514928204,0.120415249228147,205.586235717477,0
2023-06-08 10:00:00,17.3919888854414,17.2537245842702,20,102086.514928204,1.81947680727603,167.3244237949,0
2023-06-08 11:00:00,17.3919888854414,17.2537245842702,20,102086.514928204,0.676389163309831,91.4741711605027,0
2023-06-08 12:00:00,17.3919888854414,17.2537245842702,20,102086.514928204,8.68029716214082,24.7840943986303,0
2023-06-08 13:00:00,17.3919888854414,17.2537245842702,20,102086.514928204,0.0925749532017156,0,0
2023-06-08 14:00:00,17.3919888854414,17.2537245842702,20,102086.514928204,0.338139206348088,0,0
2023-06-08 15:00:00,17.3919888854414,17.2537245842702,20,102086.514928204,2.51116531777966,0,0
2023-06-08 16:00:00,17.3919888854414,17.2537245842702,20,102086.514928204,4.79569642934333,0,0
2023-06-08 17:00:00,17.3919888854414,17.2537245842702,20,102086.514928204,1.17728757282956,0,0
2023-06-08 18:00:00,17.3919888854414,17.2537245842702,20,102086.514928204,0.773475292599147,0,0
2023-06-08 19:00:00,17.3919888854414,17.2537245842702,20,102086.514928204,1.4330710343397,0,0
2023-06-08 20:00:00,17.3919888854414,17.2537245842702,20,102086.514928204,2.60373316459581,0,0
2023-06-08 21:00:00,17.3919888854414,17.2537245842702,20,102086.514928204,9.33839617501262,0,0
2023-06-08 22:00:00,17.3919888854414,17.2537245842702,20,102086.514928204,0.186479705816162,0,0
2023-06-08 23:00:00,17.3919888854414,17.2537245842702,20,102086.514928204,1.00588497777499,0,0
2023-06-09 00:00:00,17.3919888854414,17.2537245842702,20,102086.514928204,3.7779351739443,0,0
2023-06-09 01:00:00,17.3919888854414,17.2537245842702,20,102086.514928204,0.600619684450942,0,0
2023-06-09 02:00:00,17.3919888854414,17.2537245842702,20,102086.514928204,9.88458891542378,0,0
2023-06-09 03:00:00,17.3919888854414,17.2537245842702,20,102086.514928204,9.0726015603742,0,0
2023-06-09 04:00:00,17.3919888854414,17.2537245842702,20,102086.514928204,2.83238119412859,0,0
2023-06-09 05:00:00,17.3919888854414,17.2537245842702,20,102086.514928204,5.18828677655711,0,0
2023-06-09 06:00:00,17.3919888854414,17.2537245842702,20,102086.514928204,2.65008031219981,326.218137362646,0
2023-06-09 07:00:00,17.3919888854414,17.2537245842702,20,102086.514928204,2.80255491997175,282.427647805296,0
2023-06-09 08:00:00,17.3919888854414,17.2537245842702,20,102086.514928204,13.215399490144,280.534711854321,0
2023-06-09 09:00:00,17.3919888854414,17.2537245842702,20,102086.514928204,0.961279777350078,293.551865512391,0
2023-06-09 10:00:00,17.3919888854414,17.2537245842702,20,102086.514928204,0.21585408219489,112.047977639568,0
2023-06-09 11:00:00,17.3919888854414,17.2537245842702,20,102086.514928204,2.2840068977242,119.322161611203,0
2023-06-09 12:00:00,17.3919888854414,17.2537245842702,20,102086.514928204,1.87761878394723,4.82168593967453,0
2023-06-09 13:00:00,17.3919888854414,17.2537245842702,20,102086.514928204,0.305023451107083,0,0
2023-06-09 14:00:00,17.3919888854414,17.2537245842702,20,102086.514928204,7.85920407811263,0,0
2023-06-09 15:00:00,17.3919888854414,17.2537245842702,20,102086.514928204,0.280046938629065,0,0
2023-06-09 16:00:00,17.3919888854414,17.2537245842702,20,102086.514928204,0.110491104154659,0,0
2023-06-09 17:00:00,17.3919888854414,17.2537245842702,20,102086.514928204,2.75333301066238,0,0
2023-06-09 18:00:00,17.3919888854414,17.2537245842702,20,102086.514928204,1.43712485600129,0,0
2023-06-09 19:00:00,17.3919888854414,17.2537245842702,20,102086.514928204,1.27440127863932,0,0
2023-06-09 20:00:00,17.3919888854414,17.2537245842702,20,102086.514928204,2.79613964947497,0,0
2023-06-09 21:00:00,17.3919888854414,17.2537245842702,20,102086.514928204,1.37438844737019,0,0
2023-06-09 22:00:00,17.3919888854414,17.2537245842702,20,102086.514928204,1.12109768499211,0,0
2023-06-09 23:00:00,17.3919888854414,17.2537245842702,20,102086.514928204,2.89950085351729,0,0
2023-06-10 00:00:00,17.3919888854414,17.2537245842702,20,102086.514928204,12.3458942329709,0,0
2023-06-10 01:00:00,17.3919888854414,17.2537245842702,20,102086.514928204,2.13651375730391,0,0
2023-06-10 02:00:00,17.3919888854414,17.2537245842702,20,102086.514928204,2.2462426676386,0,0
2023-06-10 03:00:00,17.3919888854414,17.2537245842702,20,102086.514928204,5.2727332532716,0,0
2023-06-10 04:00:00,17.3919888854414,17.2537245842702,20,102086.514928204,2.29915513579457,0,0
2023-06-10 05:00:00,17.3919888854414,17.2537245842702,20,102086.514928204,1.81748289326079,0,0
2023-06-10 06:00:00,17.3919888854414,17.2537245842702,20,102086.514928204,4.01087963407437,255.759864298655,0
2023-06-10 07:00:00,17.3919888854414,17.2537245842702,20,102086.514928204,6.67922554897124,346.894070613638,0
2023-06-10 08:00:00,17.3919888854414,17.2537245842702,20,102086.514928204,3.23073370714879,229.521874985165,0
2023-06-10 09:00:00,17.3919888854414,17.2537245842702,20,102086.514928204,0.488153321269865,216.564369225865,0
2023-06-10 10:00:00,17.3919888854414,17.2537245842702,20,102086.514928204,1.29097935200064,101.419298074467,0
2023-06-10 11:00:00,17.3919888854414,17.2537245842702,20,102086.514928204,0.923843848660771,108.002268569937,0
2023-06-10 12:00:00,17.3919888854414,17.2537245842702,20,102086.514928204,3.09766690069113,27.811500470033,0
2023-06-10 13:00:00,17.3919888854414,17.2537245842702,20,102086.514928204,2.61985650613455,0,0
2023-06-10 14:00:00,17.3919888854414,17.2537245842702,20,102086.514928204,1.73626962277,0,0
2023-06-10 15:00:00,17.3919888854414,17.2537245842702,20,102086.514928204,1.01022533363706,0,0
2023-06-10 16:00:00,17.3919888854414,17.2537245842702,20,102086.514928204,5.53545326122036,0,0
2023-06-10 17:00:00,17.3919888854414,17.2537245842702,20,102086.514928204,12.5337797850508,0,0
2023-06-10 18:00:00,17.3919888854414,17.2537245842702,20,102086.514928204,3.95929085594153,0,0
2023-06-10 19:00:00,17.3919888854414,17.2537245842702,20,102086.514928204,3.50278089329044,0,0
2023-06-10 20:00:00,17.3919888854414,17.2537245842702,20,102086.514928204,0.0281262964933685,0,0
2023-06-10 21:00:00,17.3919888854414,17.2537245842702,20,102086.514928204,2.42961573704285,0,0
2023-06-10 22:00:00,17.3919888854414,17.2537245842702,20,102086.514928204,2.42383300558853,0,0
2023-06-10 23:00:00,17.3919888854414,17.2537245842702,20,102086.514928204,1.18772503291007,0,0
2023-06-11 00:00:00,17.3919888854414,17.2537245842702,20,102086.514928204,6.51982703838904,0,0
2023-06-11 01:00:00,17.3919888854414,17.2537245842702,20,102086.514928204,4.74251246433239,0,0
2023-06-11 02:00:00,17.3919888854414,17.2537245842702,20,102086.514928204,2.60238590126443,0,0
2023-06-11 03:00:00,17.3919888854414,17.2537245842702,20,102086.514928204,0.943395558378748,0,0
2023-06-11 04:00:00,17.3919888854414,17.2537245842702,20,102086.514928204,4.60991456819103,0,0
2023-06-11 05:00:00,17.3919888854414,17.2537245842702,20,102086.514928204,1.1933514459971,0,0
2023-06-11 06:00:00,17.3919888854414,17.2537245842702,20,102086.514928204,19.2164186419024,309.492391810623,0
2023-06-11 07:00:00,17.3919888854414,17.2537245842702,20,102086.514928204,5.49403953551409,241.805786050547,0
2023-06-11 08:00:00,17.3919888854414,17.2537245842702,20,102086.514928204,1.22170081226591,233.418777923035,0
2023-06-11 09:00:00,17.3919888854414,17.2537245842702,20,102086.514928204,6.18433929934678,132.396880992625,0
2023-06-11 10:00:00,17.3919888854414,17.2537245842702,20,102086.514928204,0.429810170693708,160.284318748034,0
2023-06-11 11:00:00,17.3919888854414,17.2537245842702,20,102086.514928204,2.82655803875054,101.084426334508,0
2023-06-11 12:00:00,17.3919888854414,17.2537245842702,20,102086.514928204,0.91023819406915,17.7511227210759,0
2023-06-11 13:00:00,17.3919888854414,17.2537245842702,20,102086.514928204,0.202801316285775,0,0
2023-06-11 14:00:00,17.3919888854414,17.2537245842702,20,102086.514928204,0.0661951480650046,0,0
2023-06-11 15:00:00,17.3919888854414,17.2537245842702,20,102086.514928204,0.662305245402839,0,0
2023-06-11 16:00:00,17.3919888854414,17.2537245842702,20,102086.514928204,0.363439330726861,0,0
2023-06-11 17:00:00,17.3919888854414,17.2537245842702,20,102086.514928204,5.90133349246526,0,0
2023-06-11 18:00:00,17.3919888854414,17.2537245842702,20,102086.514928204,1.83913236182011,0,0
2023-06-11 19:00:00,17.3919888854414,17.2537245842702,20,102086.514928204,3.15782200294218,0,0
2023-06-11 20:00:00,17.3919888854414,17.2537245842702,20,102086.514928204,0.160064920525348,0,0
2023-06-11 21:00:00,17.3919888854414,17.2537245842702,20,102086.514928204,4.24101524344955,0,0
2023-06-11 22:00:00,17.3919888854414,17.2537245842702,20,102086.514928204,12.5970471747899,0,0
2023-06-11 23:00:00,17.3919888854414,17.2537245842702,20,102086.514928204,0.334382923549813,0,0
2023-06-12 00:00:00,17.3919888854414,17.2537245842702,20,102086.514928204,1.01540210066716,0,0
2023-06-12 01:00:00,17.3919888854414,17.2537245842702,20,102086.514928204,7.3984926378389,0,0
2023-06-12 02:00:00,17.3919888854414,17.2537245842702,20,102086.514928204,5.83849494154009,0,0
2023-06-12 03:00:00,17.3919888854414,17.2537245842702,20,102086.514928204,1.74118858466962,0,0
2023-06-12 04:00:00,17.3919888854414,17.2537245842702,20,102086.514928204,12.4262561293535,0,0
2023-06-12 05:00:00,17.3919888854414,17.2537245842702,20,102086.514928204,0.531047233448053,0,0
2023-06-12 06:00:00,17.3919888854414,17.2537245842702,20,102086.514928204,0.248210400541648,316.289815829108,0
2023-06-12 07:00:00,17.3919888854414,17.2537245842702,20,102086.514928204,3.71613582993619,274.594671693021,0
2023-06-12 08:00:00,17.3919888854414,17.2537245842702,20,102086.514928204,1.224843421393,258.664218020388,0
2023-06-12 09:00:00,17.3919888854414,17.2537245842702,20,102086.514928204,0.459355602182505,178.996345762818,0
2023-06-12 10:00:00,17.3919888854414,17.2537245842702,20,102086.514928204,1.91192953213178,128.418984364098,0
2023-06-12 11:00:00,17.3919888854414,17.2537245842702,20,102086.514928204,3.47821459207466,57.5423763049228,0
2023-06-12 12:00:00,17.3919888854414,17.2537245842702,20,102086.514928204,1.09287165056695,96.9464499529143,0
2023-06-12 13:00:00,17.3919888854414,17.2537245842702,20,102086.514928204,4.6598440302411,0,0
2023-06-12 14:00:00,17.3919888854414,17.2537245842702,20,102086.514928204,1.85054947440899,0,0
2023-06-12 15:00:00,17.3919888854414,17.2537245842702,20,102086.514928204,4.04011484898944,0,0
2023-06-12 16:00:00,17.3919888854414,17.2537245842702,20,102086.514928204,0.0545119392424934,0,0
2023-06-12 17:00:00,17.3919888854414,17.2537245842702,20,102086.514928204,6.18489539224325,0,0
2023-06-12 18:00:00,17.3919888854414,17.2537245842702,20,102086.514928204,1.07545228451158,0,0
2023-06-12 19:00:00,17.3919888854414,17.2537245842702,20,102086.514928204,6.68528667132917,0,0
2023-06-12 20:00:00,17.3919888854414,17.2537245842702,20,102086.514928204,0.197268696457595,0,0
2023-06-12 21:00:00,17.3919888854414,17.2537245842702,20,102086.514928204,6.33537111226482,0,0
2023-06-12 22:00:00,17.3919888854414,17.2537245842702,20,102086.514928204,4.46006377400018,0,0
2023-06-12 23:00:00,17.3919888854414,17.2537245842702,20,102086.514928204,2.68723839197854,0,0
2023-06-13 00:00:00,17.3919888854414,17.2537245842702,20,102086.514928204,2.00634182600626,0,0
2023-06-13 01:00:00,17.3919888854414,17.2537245842702,20,102086.514928204,3.0162186741522,0,0
2023-06-13 02:00:00,17.3919888854414,17.2537245842702,20,102086.514928204,0.452552731613992,0,0
2023-06-13 03:00:00,17.3919888854414,17.2537245842702,20,102086.514928204,0.695768095647751,0,0
2023-06-13 04:00:00,17.3919888854414,17.2537245842702,20,102086.514928204,2.15642730296419,0,0
2023-06-13 05:00:00,17.3919888854414,17.2537245842702,20,102086.514928204,0.362567834611989,0,0
2023-06-13 06:00:00,17.3919888854414,17.2537245842702,20,102086.514928204,14.8080472259343,280.044407389863,0
2023-06-13 07:00:00,17.3919888854414,17.2537245842702,20,102086.514928204,2.80875500289526,315.213999048217,0
2023-06-13 08:00:00,17.3919888854414,17.2537245842702,20,102086.514928204,0.364766584370439,218.192926979423,0
2023-06-13 09:00:00,17.3919888854414,17.2537245842702,20,102086.514928204,0.250731886694279,215.974628503903,0
2023-06-13 10:00:00,17.3919888854414,17.2537245842702,20,102086.514928204,2.70170093572034,160.33620236225,0
2023-06-13 11:00:00,17.3919888854414,17.2537245842702,20,102086.514928204,0.0353270178434461,83.0736988195825,0
2023-06-13 12:00:00,17.3919888854414,17.2537245842702,20,102086.514928204,0.393756131654044,0,0
2023-06-13 13:00:00,17.3919888854414,17.2537245842702,20,102086.514928204,3.35307912331685,11.1198310997194,0
2023-06-13 14:00:00,17.3919888854414,17.2537245842702,20,102086.514928204,5.18504230266562,0,0
2023-06-13 15:00:00,17.3919888854414,17.2537245842702,20,102086.514928204,1.40786551272234,0,0
2023-06-13 16:00:00,17.3919888854414,17.2537245842702,20,102086.514928204,0.5033385105756,0,0
2023-06-13 17:00:00,17.3919888854414,17.2537245842702,20,102086.514928204,3.3914295694761,0,0
2023-06-13 18:00:00,17.3919888854414,17.2537245842702,20,102086.514928204,3.49689431555797,0,0
2023-06-13 19:00:00,17.3919888854414,17.2537245842702,20,102086.514928204,0.0943351341775096,0,0
2023-06-13 20:00:00,17.3919888854414,17.2537245842702,20,102086.514928204,0.370366270493596,0,0
2023-06-13 21:00:00,17.3919888854414,17.2537245842702,20,102086.514928204,12.4079687880008,0,0
2023-06-13 22:00:00,17.3919888854414,17.2537245842702,20,102086.514928204,2.33878049068164,0,0
2023-06-13 23:00:00,17.3919888854414,17.2537245842702,20,102086.514928204,1.7418207946352,0,0
2023-06-14 00:00:00,17.3919888854414,17.2537245842702,20,102086.514928204,0.945150320115507,0,0
2023-06-14 01:00:00,17.3919888854414,17.2537245842702,20,102086.514928204,1.76119702032871,0,0
2023-06-14 02:00:00,17.3919888854414,17.2537245842702,20,102086.514928204,2.90797092995986,0,0
2023-06-14 03:00:00,17.3919888854414,17.2537245842702,20,102086.514928204,0.775339816376837,0,0
2023-06-14 04:00:00,17.3919888854414,17.2537245842702,20,102086.514928204,0.420036507228693,0,0
2023-06-14 05:00:00,17.3919888854414,17.2537245842702,20,102086.514928204,8.64946663905049,0,0
2023-06-14 06:00:00,17.3919888854414,17.2537245842702,20,102086.514928204,2.66552714077275,297.430313820576,0
2023-06-14 07:00:00,17.3919888854414,17.2537245842702,20,102086.514928204,2.14786879684219,425.575076502365,0
2023-06-14 08:00:00,17.3919888854414,17.2537245842702,20,102086.514928204,2.55663238753399,292.068400432834,0
2023-06-14 09:00:00,17.3919888854414,17.2537245842702,20,102086.514928204,5.63134143309778,205.36931808628,0
2023-06-14 10:00:00,17.3919888854414,17.2537245842702,20,102086.514928204,3.49158479440098,130.574077345556,0
2023-06-14 11:00:00,17.3919888854414,17.2537245842702,20,102086.514928204,4.89562128835956,32.9282178969862,0
2023-06-14 12:00:00,17.3919888854414,17.2537245842702,20,102086.514928204,4.04671981064428,25.808914355748,0
2023-06-14 13:00:00,17.3919888854414,17.2537245842702,20,102086.514928204,5.61087802403642,0,0
2023-06-14 14:00:00,17.3919888854414,17.2537245842702,20,102086.514928204,1.28690999189814,0,0
2023-06-14 15:00:00,17.3919888854414,17.2537245842702,20,102086.514928204,4.74715467059285,0,0
2023-06-14 16:00:00,17.3919888854414,17.2537245842702,20,102086.514928204,4.88101509347015,0,0
2023-06-14 17:00:00,17.3919888854414,17.2537245842702,20,102086.514928204,0.768662612918366,0,0
2023-06-14 18:00:00,17.3919888854414,17.2537245842702,20,102086.514928204,2.64468828161988,0,0
2023-06-14 19:00:00,17.3919888854414,17.2537245842702,20,102086.514928204,5.18694214194516,0,0
2023-06-14 20:00:00,17.3919888854414,17.2537245842702,20,102086.514928204,0.94992980732582,0,0
2023-06-14 21:00:00,17.3919888854414,17.2537245842702,20,102086.514928204,4.14266978375424,0,0
2023-06-14 22:00:00,17.3919888854414,17.2537245842702,20,102086.514928204,5.48536669264436,0,0
2023-06-14 23:00:00,17.3919888854414,17.2537245842702,20,102086.514928204,1.33995800269442,0,0
2023-06-15 00:00:00,17.3919888854414,17.2537245842702,20,102086.514928204,1.70651601762989,0,0
2023-06-15 01:00:00,17.3919888854414,17.2537245842702,20,102086.514928204,2.04255350469346,0,0
2023-06-15 02:00:00,17.3919888854414,17.2537245842702,20,102086.514928204,10.1483788231216,0,0
2023-06-15 03:00:00,17.3919888854414,17.2537245842702,20,102086.514928204,4.56735772834344,0,0
2023-06-15 04:00:00,17.3919888854414,17.2537245842702,20,102086.514928204,1.70075512521765,0,0
2023-06-15 05:00:00,17.3919888854414,17.2537245842702,20,102086.514928204,4.37746791483915,0,0
2023-06-15 06:00:00,17.3919888854414,17.2537245842702,20,102086.514928204,1.91757857328223,286.349011963699,0
2023-06-15 07:00:00,17.3919888854414,17.2537245842702,20,102086.514928204,4.02508126135641,244.675170168845,0
2023-06-15 08:00:00,17.3919888854414,17.2537245842702,20,102086.514928204,6.62769418581897,215.883479307928,0
2023-06-15 09:00:00,17.3919888854414,17.2537245842702,20,102086.514928204,0.0444072170833251,186.471356032385,0
2023-06-15 10:00:00,17.3919888854414,17.2537245842702,20,102086.514928204,2.27105891253997,146.131380433361,0
2023-06-15 11:00:00,17.3919888854414,17.2537245842702,20,102086.514928204,4.46154639201299,133.3617982642,0
2023-06-15 12:00:00,17.3919888854414,17.2537245842702,20,102086.514928204,0.384206660635412,49.0426724568738,0
2023-06-15 13:00:00,17.3919888854414,17.2537245842702,20,102086.514928204,5.63314499587407,0,0
2023-06-15 14:00:00,17.3919888854414,17.2537245842702,20,102086.514928204,1.52251987798559,0,0
2023-06-15 15:00:00,17.3919888854414,17.2537245842702,20,102086.514928204,0.178754670187452,0,0
2023-06-15 16:00:00,17.3919888854414,17.2537245842702,20,102086.514928204,0.653845273656925,0,0
2023-06-15 17:00:00,17.3919888854414,17.2537245842702,20,102086.514928204,1.47388138433334,0,0
2023-06-15 18:00:00,17.3919888854414,17.2537245842702,20,102086.514928204,1.90456841138968,0,0
2023-06-15 19:00:00,17.3919888854414,17.2537245842702,20,102086.514928204,2.08306515615755,0,0
2023-06-15 20:00:00,17.3919888854414,17.2537245842702,20,102086.514928204,2.37279038281741,0,0
2023-06-15 21:00:00,17.3919888854414,17.2537245842702,20,102086.514928204,9.70402306457637,0,0
2023-06-15 22:00:00,17.3919888854414,17.2537245842702,20,102086.514928204,0.227669106641532,0,0
2023-06-15 23:00:00,17.3919888854414,17.2537245842702,20,102086.514928204,1.94394849641496,0,0
2023-06-16 00:00:00,17.3919888854414,17.2537245842702,20,102086.514928204,2.49781616312597,0,0
2023-06-16 01:00:00,17.3919888854414,17.2537245842702,20,102086.514928204,1.16436410563967,0,0
2023-06-16 02:00:00,17.3919888854414,17.2537245842702,20,102086.514928204,1.96691926390742,0,0
2023-06-16 03:00:00,17.3919888854414,17.2537245842702,20,102086.514928204,14.9968682277071,0,0
2023-06-16 04:00:00,17.3919888854414,17.2537245842702,20,102086.514928204,7.51874997851152,0,0
2023-06-16 05:00:00,17.3919888854414,17.2537245842702,20,102086.514928204,2.49084852285532,0,0
2023-06-16 06:00:00,17.3919888854414,17.2537245842702,20,102086.514928204,0.748665806671575,252.303029030168,0
2023-06-16 07:00:00,17.3919888854414,17.2537245842702,20,102086.514928204,1.72137182944526,317.239287711803,0
2023-06-16 08:00:00,17.3919888854414,17.2537245842702,20,102086.514928204,4.54737147465458,305.890126731555,0
2023-06-16 09:00:00,17.3919888854414,17.2537245842702,20,102086.514928204,1.20844700871876,193.820457390051,0
2023-06-16 10:00:00,17.3919888854414,17.2537245842702,20,102086.514928204,1.21125937218866,170.214737748085,0
2023-06-16 11:00:00,17.3919888854414,17.2537245842702,20,102086.514928204,1.6613464835633,112.15755354977,0
2023-06-16 12:00:00,17.3919888854414,17.2537245842702,20,102086.514928204,4.06318182384187,0,0
2023-06-16 13:00:00,17.3919888854414,17.2537245842702,20,102086.514928204,5.09119425189016,0,0
2023-06-16 14:00:00,17.3919888854414,17.2537245842702,20,102086.514928204,0.245113666364493,0,0
2023-06-16 15:00:00,17.3919888854414,17.2537245842702,20,102086.514928204,9.12355653333154,0,0
2023-06-16 16:00:00,17.3919888854414,17.2537245842702,20,102086.514928204,1.38268342856177,0,0
2023-06-16 17:00:00,17.3919888854414,17.2537245842702,20,102086.514928204,7.61471422713611,0,0
2023-06-16 18:00:00,17.3919888854414,17.2537245842702,20,102086.514928204,1.22665990881068,0,0
2023-06-16 19:00:00,17.3919888854414,17.2537245842702,20,102086.514928204,8.81752659152761,0,0
2023-06-16 20:00:00,17.3919888854414,17.2537245842702,20,102086.514928204,1.45525452854725,0,0
2023-06-16 21:00:00,17.3919888854414,17.2537245842702,20,102086.514928204,2.3718190895667,0,0
2023-06-16 22:00:00,17.3919888854414,17.2537245842702,20,102086.514928204,0.592630680479865,0,0
2023-06-16 23:00:00,17.3919888854414,17.2537245842702,20,102086.514928204,1.02766332158316,0,0
2023-06-17 00:00:00,17.3919888854414,17.2537245842702,20,102086.514928204,2.54411628636761,0,0
2023-06-17 01:00:00,17.3919888854414,17.2537245842702,20,102086.514928204,1.09920889358839,0,0
2023-06-17 02:00:00,17.3919888854414,17.2537245842702,20,102086.514928204,0.212404519240766,0,0
2023-06-17 03:00:00,17.3919888854414,17.2537245842702,20,102086.514928204,0.174749111471694,0,0
2023-06-17 04:00:00,17.3919888854414,17.2537245842702,20,102086.514928204,0.665653553786318,0,0
2023-06-17 05:00:00,17.3919888854414,17.2537245842702,20,102086.514928204,1.69700155213794,0,0
2023-06-17 06:00:00,17.3919888854414,17.2537245842702,20,102086.514928204,4.01691564710312,267.862134852572,0
2023-06-17 07:00:00,17.3919888854414,17.2537245842702,20,102086.514928204,0.938112617861805,217.295486901794,0
2023-06-17 08:00:00,17.3919888854414,17.2537245842702,20,102086.514928204,0.235778023465653,255.638407371617,0
2023-06-17 09:00:00,17.3919888854414,17.2537245842702,20,102086.514928204,0.0456780416546733,253.618655249923,0
2023-06-17 10:00:00,17.3919888854414,17.2537245842702,20,102086.514928204,1.12585859545227,182.780071377475,0
2023-06-17 11:00:00,17.3919888854414,17.2537245842702,20,102086.514928204,3.62333605671324,11.3221071152022,0
2023-06-17 12:00:00,17.3919888854414,17.2537245842702,20,102086.514928204,1.7948981200431,0,0
2023-06-17 13:00:00,17.3919888854414,17.2537245842702,20,102086.514928204,0.29159998721583,0,0
2023-06-17 14:00:00,17.3919888854414,17.2537245842702,20,102086.514928204,3.85606725586818,0,0
2023-06-17 15:00:00,17.3919888854414,17.2537245842702,20,102086.514928204,0.666695662768195,0,0
2023-06-17 16:00:00,17.3919888854414,17.2537245842702,20,102086.514928204,0.193699710969944,0,0
2023-06-17 17:00:00,17.3919888854414,17.2537245842702,20,102086.514928204,8.09625357958915,0,0
2023-06-17 18:00:00,17.3919888854414,17.2537245842702,20,102086.514928204,2.21097762359015,0,0
2023-06-17 19:00:00,17.3919888854414,17.2537245842702,20,102086.514928204,6.77128938017702,0,0
2023-06-17 20:00:00,17.3919888854414,17.2537245842702,20,102086.514928204,3.66702984181195,0,0
2023-06-17 21:00:00,17.3919888854414,17.2537245842702,20,102086.514928204,1.76052638768369,0,0
2023-06-17 22:00:00,17.3919888854414,17.2537245842702,20,102086.514928204,7.85643735337374,0,0
2023-06-17 23:00:00,17.3919888854414,17.2537245842702,20,102086.514928204,0.52124736118555,0,0
2023-06-18 00:00:00,17.3919888854414,17.2537245842702,20,102086.514928204,0.351057521431894,0,0
2023-06-18 01:00:00,17.3919888854414,17.2537245842702,20,102086.514928204,1.32429971375177,0,0
2023-06-18 02:00:00,17.3919888854414,17.2537245842702,20,102086.514928204,9.16103878153801,0,0
2023-06-18 03:00:00,17.3919888854414,17.2537245842702,20,102086.514928204,2.41808229440452,0,0
2023-06-18 04:00:00,17.3919888854414,17.2537245842702,20,102086.514928204,5.87197502041629,0,0
2023-06-18 05:00:00,17.3919888854414,17.2537245842702,20,102086.514928204,0.592622068181707,0,0
2023-06-18 06:00:00,17.3919888854414,17.2537245842702,20,102086.514928204,2.17040692388115,345.922722197121,0
2023-06-18 07:00:00,17.3919888854414,17.2537245842702,20,102086.514928204,2.19706500305749,218.896551177482,0
2023-06-18 08:00:00,17.3919888854414,17.2537245842702,20,102086.514928204,1.61240782073393,364.229759778828,0
2023-06-18 09:00:00,17.3919888854414,17.2537245842702,20,102086.514928204,2.08011813042925,262.893438939218,0
2023-06-18 10:00:00,17.3919888854414,17.2537245842702,20,102086.514928204,1.23387574310619,162.769187783716,0
2023-06-18 11:00:00,17.3919888854414,17.2537245842702,20,102086.514928204,0.685660916190461,0,0
2023-06-18 12:00:00,17.3919888854414,17.2537245842702,20,102086.514928204,0.876164390765984,49.8429386732904,0
2023-06-18 13:00:00,17.3919888854414,17.2537245842702,20,102086.514928204,5.56076740940376,0,0
2023-06-18 14:00:00,17.3919888854414,17.2537245842702,20,102086.514928204,1.47221661010545,0,0
2023-06-18 15:00:00,17.3919888854414,17.2537245842702,20,102086.514928204,10.3322343615876,0,0
2023-06-18 16:00:00,17.3919888854414,17.2537245842702,20,102086.514928204,0.74581228501101,0,0
2023-06-18 17:00:00,17.3919888854414,17.2537245842702,20,102086.514928204,3.84837443355876,0,0
2023-06-18 18:00:00,17.3919888854414,17.2537245842702,20,102086.514928204,4.89650248647422,0,0
2023-06-18 19:00:00,17.3919888854414,17.2537245842702,20,102086.514928204,4.56922992607584,0,0
2023-06-18 20:00:00,17.3919888854414,17.2537245842702,20,102086.514928204,2.90649482080585,0,0
2023-06-18 21:00:00,17.3919888854414,17.2537245842702,20,102086.514928204,7.16536009183668,0,0
2023-06-18 22:00:00,17.3919888854414,17.2537245842702,20,102086.514928204,3.00220886379422,0,0
2023-06-18 23:00:00,17.3919888854414,17.2537245842702,20,102086.514928204,1.1298756509259,0,0
2023-06-19 00:00:00,17.3919888854414,17.2537245842702,20,102086.514928204,0.624470671332776,0,0
2023-06-19 01:00:00,17.3919888854414,17.2537245842702,20,102086.514928204,4.77245870162497,0,0
2023-06-19 02:00:00,17.3919888854414,17.2537245842702,20,102086.514928204,1.17695877160758,0,0
2023-06-19 03:00:00,17.3919888854414,17.2537245842702,20,102086.514928204,0.922165023027297,0,0
2023-06-19 04:00:00,17.3919888854414,17.2537245842702,20,102086.514928204,0.277612407015239,0,0
2023-06-19 05:00:00,17.3919888854414,17.2537245842702,20,102086.514928204,0.119278055041638,0,0
2023-06-19 06:00:00,17.3919888854414,17.2537245842702,20,102086.514928204,6.93672154143354,276.54254849871,0
2023-06-19 07:00:00,17.3919888854414,17.2537245842702,20,102086.514928204,0.0680435198476437,277.57372420301,0
2023-06-19 08:00:00,17.3919888854414,17.2537245842702,20,102086.514928204,0.791967655175265,326.552783527504,0
2023-06-19 09:00:00,17.3919888854414,17.2537245842702,20,102086.514928204,5.99487335079966,263.317511661313,0
2023-06-19 10:00:00,17.3919888854414,17.2537245842702,20,102086.514928204,3.68681561296865,82.2990820750798,0
2023-06-19 11:00:00,17.3919888854414,17.2537245842702,20,102086.514928204,2.69799274106705,121.907287680206,0
2023-06-19 12:00:00,17.3919888854414,17.2537245842702,20,102086.514928204,8.52604723485464,0.0689825503992898,0
2023-06-19 13:00:00,17.3919888854414,17.2537245842702,20,102086.514928204,3.03131246247717,0,0
2023-06-19 14:00:00,17.3919888854414,17.2537245842702,20,102086.514928204,5.44877892276837,0,0
2023-06-19 15:00:00,17.3919888854414,17.2537245842702,20,102086.514928204,2.01119746598281,0,0
2023-06-19 16:00:00,17.3919888854414,17.2537245842702,20,102086.514928204,2.62538017833434,0,0
2023-06-19 17:00:00,17.3919888854414,17.2537245842702,20,102086.514928204,6.38521490469435,0,0
2023-06-19 18:00:00,17.3919888854414,17.2537245842702,20,102086.514928204,1.0128007232312,0,0
2023-06-19 19:00:00,17.3919888854414,17.2537245842702,20,102086.514928204,0.221052289070523,0,0
2023-06-19 20:00:00,17.3919888854414,17.2537245842702,20,102086.514928204,0.549934060181885,0,0
2023-06-19 21:00:00,17.3919888854414,17.2537245842702,20,102086.514928204,1.18470591615081,0,0
2023-06-19 22:00:00,17.3919888854414,17.2537245842702,20,102086.514928204,3.36252039404733,0,0
2023-06-19 23:00:00,17.3919888854414,17.2537245842702,20,102086.514928204,5.99987154611023,0,0
2023-06-20 00:00:00,17.3919888854414,17.2537245842702,20,102086.514928204,4.88593697451939,0,0
2023-06-20 01:00:00,17.3919888854414,17.2537245842702,20,102086.514928204,0.959130283713733,0,0
2023-06-20 02:00:00,17.3919888854414,17.2537245842702,20,102086.514928204,0.175999313236851,0,0
2023-06-20 03:00:00,17.3919888854414,17.2537245842702,20,102086.514928204,4.50241363152009,0,0
2023-06-20 04:00:00,17.3919888854414,17.2537245842702,20,102086.514928204,0.651359629945539,0,0
2023-06-20 05:00:00,17.3919888854414,17.2537245842702,20,102086.514928204,1.34544874936948,0,0
2023-06-20 06:00:00,17.3919888854414,17.2537245842702,20,102086.514928204,0.404031670619439,286.300345908535,0
2023-06-20 07:00:00,17.3919888854414,17.2537245842702,20,102086.514928204,0.783419274055554,184.943962958231,0
2023-06-20 08:00:00,17.3919888854414,17.2537245842702,20,102086.514928204,0.740425871008517,217.944499582847,0
2023-06-20 09:00:00,17.3919888854414,17.2537245842702,20,102086.514928204,1.40784323926449,185.516421059475,0
2023-06-20 10:00:00,17.3919888854414,17.2537245842702,20,102086.514928204,3.35122660031943,174.193832559402,0
2023-06-20 11:00:00,17.3919888854414,17.2537245842702,20,102086.514928204,0.00196081294221111,92.454953767307,0
2023-06-20 12:00:00,17.3919888854414,17.2537245842702,20,102086.514928204,0.295408030782623,0,0
2023-06-20 13:00:00,17.3919888854414,17.2537245842702,20,102086.514928204,1.89372479777301,1.90525175799962,0
2023-06-20 14:00:00,17.3919888854414,17.2537245842702,20,102086.514928204,5.27299691768552,0,0
2023-06-20 15:00:00,17.3919888854414,17.2537245842702,20,102086.514928204,2.13915597767921,0,0
2023-06-20 16:00:00,17.3919888854414,17.2537245842702,20,102086.514928204,0.0758662317339612,0,0
2023-06-20 17:00:00,17.3919888854414,17.2537245842702,20,102086.514928204,0.571651748918017,0,0
2023-06-20 18:00:00,17.3919888854414,17.2537245842702,20,102086.514928204,3.39396245235317,0,0
2023-06-20 19:00:00,17.3919888854414,17.2537245842702,20,102086.514928204,4.47822042085553,0,0
2023-06-20 20:00:00,17.3919888854414,17.2537245842702,20,102086.514928204,8.11838509620491,0,0
2023-06-20 21:00:00,17.3919888854414,17.2537245842702,20,102086.514928204,8.82154345554453,0,0
2023-06-20 22:00:00,17.3919888854414,17.2537245842702,20,102086.514928204,13.8483433962539,0,0
2023-06-20 23:00:00,17.3919888854414,17.2537245842702,20,102086.514928204,1.26198006471819,0,0
2023-06-21 00:00:00,17.3919888854414,17.2537245842702,20,102086.514928204,0.489224090568237,0,0
2023-06-21 01:00:00,17.3919888854414,17.2537245842702,20,102086.514928204,3.25336167419231,0,0
2023-06-21 02:00:00,17.3919888854414,17.2537245842702,20,102086.514928204,1.54453235784045,0,0
2023-06-21 03:00:00,17.3919888854414,17.2537245842702,20,102086.514928204,0.612348884456794,0,0
2023-06-21 04:00:00,17.3919888854414,17.2537245842702,20,102086.514928204,2.27436884263821,0,0
2023-06-21 05:00:00,17.3919888854414,17.2537245842702,20,102086.514928204,0.538835598654941,0,0
2023-06-21 06:00:00,17.3919888854414,17.2537245842702,20,102086.514928204,3.22464060141592,395.470932614675,0
2023-06-21 07:00:00,17.3919888854414,17.2537245842702,20,102086.514928204,2.58013798895664,294.446366600553,0
2023-06-21 08:00:00,17.3919888854414,17.2537245842702,20,102086.514928204,2.27973253256495,172.591085171419,0
2023-06-21 09:00:00,17.3919888854414,17.2537245842702,20,102086.514928204,0.770572704108454,306.516417222974,0
2023-06-21 10:00:00,17.3919888854414,17.2537245842702,20,102086.514928204,5.15602045876985,41.784506607608,0
2023-06-21 11:00:00,17.3919888854414,17.2537245842702,20,102086.514928204,5.51483127933796,0,0
2023-06-21 12:00:00,17.3919888854414,17.2537245842702,20,102086.514928204,1.84369582390926,20.5381094787942,0
2023-06-21 13:00:00,17.3919888854414,17.2537245842702,20,102086.514928204,1.9364797954416,0,0
2023-06-21 14:00:00,17.3919888854414,17.2537245842702,20,102086.514928204,3.76320232957451,0,0
2023-06-21 15:00:00,17.3919888854414,17.2537245842702,20,102086.514928204,1.31396275319491,0,0
2023-06-21 16:00:00,17.3919888854414,17.2537245842702,20,102086.514928204,1.40261814064583,0,0
2023-06-21 17:00:00,17.3919888854414,17.2537245842702,20,102086.514928204,1.50886660014812,0,0
2023-06-21 18:00:00,17.3919888854414,17.2537245842702,20,102086.514928204,0.552502940068854,0,0
2023-06-21 19:00:00,17.3919888854414,17.2537245842702,20,102086.514928204,2.98130301911259,0,0
2023-06-21 20:00:00,17.3919888854414,17.2537245842702,20,102086.514928204,3.94467358746191,0,0
2023-06-21 21:00:00,17.3919888854414,17.2537245842702,20,102086.514928204,1.69321567529305,0,0
2023-06-21 22:00:00,17.3919888854414,17.2537245842702,20,102086.514928204,2.16522917465342,0,0
2023-06-21 23:00:00,17.3919888854414,17.2537245842702,20,102086.514928204,3.90995273424506,0,0
2023-06-22 00:00:00,17.3919888854414,17.2537245842702,20,102086.514928204,4.58769618744455,0,0
2023-06-22 01:00:00,17.3919888854414,17.2537245842702,20,102086.514928204,8.3676075167671,0,0
2023-06-22 02:00:00,17.3919888854414,17.2537245842702,20,102086.514928204,1.61969973581788,0,0
2023-06-22 03:00:00,17.3919888854414,17.2537245842702,20,102086.514928204,0.263634879898828,0,0
2023-06-22 04:00:00,17.3919888854414,17.2537245842702,20,102086.514928204,0.071979913946426,0,0
2023-06-22 05:00:00,17.3919888854414,17.2537245842702,20,102086.514928204,0.15584622934377,0,0
2023-06-22 06:00:00,17.3919888854414,17.2537245842702,20,102086.514928204,0.0341006869872547,279.425342771891,0
2023-06-22 07:00:00,17.3919888854414,17.2537245842702,20,102086.514928204,10.92603493599,203.086430162537,0
2023-06-22 08:00:00,17.3919888854414,17.2537245842702,20,102086.514928204,0.155690230829437,153.446250117757,0
2023-06-22 09:00:00,17.3919888854414,17.2537245842702,20,102086.514928204,5.09981667652306,112.858983335076,0
2023-06-22 10:00:00,17.3919888854414,17.2537245842702,20,102086.514928204,2.26468854444139,68.4362092269527,0
2023-06-22 11:00:00,17.3919888854414,17.2537245842702,20,102086.514928204,0.484909026953137,37.3275786739412,0
2023-06-22 12:00:00,17.3919888854414,17.2537245842702,20,102086.514928204,3.58368857259924,0,0
2023-06-22 13:00:00,17.3919888854414,17.2537245842702,20,102086.514928204,1.58953593045901,0,0
2023-06-22 14:00:00,17.3919888854414,17.2537245842702,20,102086.514928204,4.01767070721568,0,0
2023-06-22 15:00:00,17.3919888854414,17.2537245842702,20,102086.514928204,6.03202070290475,0,0
2023-06-22 16:00:00,17.3919888854414,17.2537245842702,20,102086.514928204,5.70287257680799,0,0
2023-06-22 17:00:00,17.3919888854414,17.2537245842702,20,102086.514928204,4.53579999115111,0,0
2023-06-22 18:00:00,17.3919888854414,17.2537245842702,20,102086.514928204,2.70599379181705,0,0
2023-06-22 19:00:00,17.3919888854414,17.2537245842702,20,102086.514928204,4.390580365869,0,0
2023-06-22 20:00:00,17.3919888854414,17.2537245842702,20,102086.514928204,0.740441570400327,0,0
2023-06-22 21:00:00,17.3919888854414,17.2537245842702,20,102086.514928204,1.95330121990133,0,0
2023-06-22 22:00:00,17.3919888854414,17.2537245842702,20,102086.514928204,2.38318318720088,0,0
2023-06-22 23:00:00,17.3919888854414,17.2537245842702,20,102086.514928204,2.48978571818741,0,0
2023-06-23 00:00:00,17.3919888854414,17.2537245842702,20,102086.514928204,0.463937512652081,0,0
2023-06-23 01:00:00,17.3919888854414,17.2537245842702,20,102086.514928204,4.71341048336042,0,0
2023-06-23 02:00:00,17.3919888854414,17.2537245842702,20,102086.514928204,3.25266033017712,0,0
2023-06-23 03:00:00,17.3919888854414,17.2537245842702,20,102086.514928204,3.28137567746445,0,0
2023-06-23 04:00:00,17.3919888854414,17.2537245842702,20,102086.514928204,0.327550491379272,0,0
2023-06-23 05:00:00,17.3919888854414,17.2537245842702,20,102086.514928204,0.881025311000031,0,0
2023-06-23 06:00:00,17.3919888854414,17.2537245842702,20,102086.514928204,2.16748901976683,304.956916970906,0
2023-06-23 07:00:00,17.3919888854414,17.2537245842702,20,102086.514928204,1.13465216643768,279.194398790162,0
2023-06-23 08:00:00,17.3919888854414,17.2537245842702,20,102086.514928204,1.1877669665289,218.921847348825,0
2023-06-23 09:00:00,17.3919888854414,17.2537245842702,20,102086.514928204,0.412018860255598,165.235755529144,0
2023-06-23 10:00:00,17.3919888854414,17.2537245842702,20,102086.514928204,2.07919550355797,187.25152814564,0
2023-06-23 11:00:00,17.3919888854414,17.2537245842702,20,102086.514928204,0.402479764259743,98.468015435829,0
2023-06-23 12:00:00,17.3919888854414,17.2537245842702,20,102086.514928204,0.269879672688916,59.0245438986481,0
2023-06-23 13:00:00,17.3919888854414,17.2537245842702,20,102086.514928204,3.50688292470298,0,0
2023-06-23 14:00:00,17.3919888854414,17.2537245842702,20,102086.514928204,1.3615522340616,0,0
2023-06-23 15:00:00,17.3919888854414,17.2537245842702,20,102086.514928204,0.0634690300190781,0,0
2023-06-23 16:00:00,17.3919888854414,17.2537245842702,20,102086.514928204,4.23488317133619,0,0
2023-06-23 17:00:00,17.3919888854414,17.2537245842702,20,102086.514928204,1.4236701624514,0,0
2023-06-23 18:00:00,17.3919888854414,17.2537245842702,20,102086.514928204,18.2896606458215,0,0
2023-06-23 19:00:00,17.3919888854414,17.2537245842702,20,102086.514928204,3.13436276129803,0,0
2023-06-23 20:00:00,17.3919888854414,17.2537245842702,20,102086.514928204,2.76245339537395,0,0
2023-06-23 21:00:00,17.3919888854414,17.2537245842702,20,102086.514928204,0.532578155271418,0,0
2023-06-23 22:00:00,17.3919888854414,17.2537245842702,20,102086.514928204,1.27156332231818,0,0
2023-06-23 23:00:00,17.3919888854414,17.2537245842702,20,102086.514928204,1.51409642078614,0,0
2023-06-24 00:00:00,17.3919888854414,17.2537245842702,20,102086.514928204,0.25215225428271,0,0
2023-06-24 01:00:00,17.3919888854414,17.2537245842702,20,102086.514928204,5.29219197280627,0,0
2023-06-24 02:00:00,17.3919888854414,17.2537245842702,20,102086.514928204,2.60711400334748,0,0
2023-06-24 03:00:00,17.3919888854414,17.2537245842702,20,102086.514928204,1.73868222674642,0,0
2023-06-24 04:00:00,17.3919888854414,17.2537245842702,20,102086.514928204,1.44970610822753,0,0
2023-06-24 05:00:00,17.3919888854414,17.2537245842702,20,102086.514928204,2.66019916338732,0,0
2023-06-24 06:00:00,17.3919888854414,17.2537245842702,20,102086.514928204,4.60306747868609,355.066147886788,0
2023-06-24 07:00:00,17.3919888854414,17.2537245842702,20,102086.514928204,0.747260200623217,344.924134523853,0
2023-06-24 08:00:00,17.3919888854414,17.2537245842702,20,102086.514928204,0.771546383630742,339.238967537511,0
2023-06-24 09:00:00,17.3919888854414,17.2537245842702,20,102086.514928204,0.678045320200998,185.220225056407,0
2023-06-24 10:00:00,17.3919888854414,17.2537245842702,20,102086.514928204,0.471107938383169,131.18496375375,0
2023-06-24 11:00:00,17.3919888854414,17.2537245842702,20,102086.514928204,9.64099480586257,182.829368683842,0
2023-06-24 12:00:00,17.3919888854414,17.2537245842702,20,102086.514928204,0.394715755684302,0,0
2023-06-24 13:00:00,17.3919888854414,17.2537245842702,20,102086.514928204,0.239591872089374,0,0
2023-06-24 14:00:00,17.3919888854414,17.2537245842702,20,102086.514928204,0.310833437098883,0,0
2023-06-24 15:00:00,17.3919888854414,17.2537245842702,20,102086.514928204,0.811192913533954,0,0
2023-06-24 16:00:00,17.3919888854414,17.2537245842702,20,102086.514928204,1.29206193231474,0,0
2023-06-24 17:00:00,17.3919888854414,17.2537245842702,20,102086.514928204,1.5812353107349,0,0
2023-06-24 18:00:00,17.3919888854414,17.2537245842702,20,102086.514928204,6.03923568727905,0,0
2023-06-24 19:00:00,17.3919888854414,17.2537245842702,20,102086.514928204,1.54620566044366,0,0
2023-06-24 20:00:00,17.3919888854414,17.2537245842702,20,102086.514928204,3.31889653340096,0,0
2023-06-24 21:00:00,17.3919888854414,17.2537245842702,20,102086.514928204,0.528271234925533,0,0
2023-06-24 22:00:00,17.3919888854414,17.2537245842702,20,102086.514928204,0.0765660859571782,0,0
2023-06-24 23:00:00,17.3919888854414,17.2537245842702,20,102086.514928204,2.51376249646483,0,0
2023-06-25 00:00:00,17.3919888854414,17.2537245842702,20,102086.514928204,0.908724278198071,0,0
2023-06-25 01:00:00,17.3919888854414,17.2537245842702,20,102086.514928204,3.97964530139917,0,0
2023-06-25 02:00:00,17.3919888854414,17.2537245842702,20,102086.514928204,0.28762359005642,0,0
2023-06-25 03:00:00,17.3919888854414,17.2537245842702,20,102086.514928204,0.655566373396639,0,0
2023-06-25 04:00:00,17.3919888854414,17.2537245842702,20,102086.514928204,4.98473822500813,0,0
2023-06-25 05:00:00,17.3919888854414,17.2537245842702,20,102086.514928204,0.939194991381983,0,0
2023-06-25 06:00:00,17.3919888854414,17.2537245842702,20,102086.514928204,1.66799070505113,263.745163951291,0
2023-06-25 07:00:00,17.3919888854414,17.2537245842702,20,102086.514928204,1.5340414600817,243.871398715892,0
2023-06-25 08:00:00,17.3919888854414,17.2537245842702,20,102086.514928204,3.26325922530647,283.79160811083,0
2023-06-25 09:00:00,17.3919888854414,17.2537245842702,20,102086.514928204,0.88791506749807,200.758221358294,0
2023-06-25 10:00:00,17.3919888854414,17.2537245842702,20,102086.514928204,4.28141837974737,109.662680989526,0
2023-06-25 11:00:00,17.3919888854414,17.2537245842702,20,102086.514928204,4.56827982676227,97.4367025855525,0
2023-06-25 12:00:00,17.3919888854414,17.2537245842702,20,102086.514928204,2.56742593800279,1.11019672713187,0
2023-06-25 13:00:00,17.3919888854414,17.2537245842702,20,102086.514928204,1.55922254284903,0,0
2023-06-25 14:00:00,17.3919888854414,17.2537245842702,20,102086.514928204,4.17426956578159,0,0
2023-06-25 15:00:00,17.3919888854414,17.2537245842702,20,102086.514928204,4.96371888902593,0,0
2023-06-25 16:00:00,17.3919888854414,17.2537245842702,20,102086.514928204,0.475915102406582,0,0
2023-06-25 17:00:00,17.3919888854414,17.2537245842702,20,102086.514928204,0.383339692901766,0,0
2023-06-25 18:00:00,17.3919888854414,17.2537245842702,20,102086.514928204,4.18086517387958,0,0
2023-06-25 19:00:00,17.3919888854414,17.2537245842702,20,102086.514928204,6.19172397157662,0,0
2023-06-25 20:00:00,17.3919888854414,17.2537245842702,20,102086.514928204,1.45059038075351,0,0
2023-06-25 21:00:00,17.3919888854414,17.2537245842702,20,102086.514928204,2.14687561818894,0,0
2023-06-25 22:00:00,17.3919888854414,17.2537245842702,20,102086.514928204,0.334140382989479,0,0
2023-06-25 23:00:00,17.3919888854414,17.2537245842702,20,102086.514928204,3.87700910607088,0,0
2023-06-26 00:00:00,17.3919888854414,17.2537245842702,20,102086.514928204,0.946431429678007,0,0
2023-06-26 01:00:00,17.3919888854414,17.2537245842702,20,102086.514928204,0.449867718362531,0,0
2023-06-26 02:00:00,17.3919888854414,17.2537245842702,20,102086.514928204,1.26520248344238,0,0
2023-06-26 03:00:00,17.3919888854414,17.2537245842702,20,102086.514928204,0.446793556873843,0,0
2023-06-26 04:00:00,17.3919888854414,17.2537245842702,20,102086.514928204,1.60917733180627,0,0
2023-06-26 05:00:00,17.3919888854414,17.2537245842702,20,102086.514928204,1.62885749702277,0,0
2023-06-26 06:00:00,17.3919888854414,17.2537245842702,20,102086.514928204,2.7193933728868,307.253187297969,0
2023-06-26 07:00:00,17.3919888854414,17.2537245842702,20,102086.514928204,0.685380879393188,219.322401498922,0
2023-06-26 08:00:00,17.3919888854414,17.2537245842702,20,102086.514928204,1.68917819086397,268.210611433673,0
2023-06-26 09:00:00,17.3919888854414,17.2537245842702,20,102086.514928204,3.80519387046675,206.807640196937,0
2023-06-26 10:00:00,17.3919888854414,17.2537245842702,20,102086.514928204,5.9294786146142,252.103802007187,0
2023-06-26 11:00:00,17.3919888854414,17.2537245842702,20,102086.514928204,4.21422270610916,90.0594101763286,0
2023-06-26 12:00:00,17.3919888854414,17.2537245842702,20,102086.514928204,1.23443720712729,0,0
2023-06-26 13:00:00,17.3919888854414,17.2537245842702,20,102086.514928204,1.62073643597861,0,0
2023-06-26 14:00:00,17.3919888854414,17.2537245842702,20,102086.514928204,1.06174854919251,0,0
2023-06-26 15:00:00,17.3919888854414,17.2537245842702,20,102086.514928204,0.396640304671714,0,0
2023-06-26 16:00:00,17.3919888854414,17.2537245842702,20,102086.514928204,0.0399512792291233,0,0
2023-06-26 17:00:00,17.3919888854414,17.2537245842702,20,102086.514928204,1.41988599167304,0,0
2023-06-26 18:00:00,17.3919888854414,17.2537245842702,20,102086.514928204,4.77539170734335,0,0
2023-06-26 19:00:00,17.3919888854414,17.2537245842702,20,102086.514928204,1.42137563545303,0,0
2023-06-26 20:00:00,17.3919888854414,17.2537245842702,20,102086.514928204,8.85685179574146,0,0
2023-06-26 21:00:00,17.3919888854414,17.2537245842702,20,102086.514928204,4.47809344666878,0,0
2023-06-26 22:00:00,17.3919888854414,17.2537245842702,20,102086.514928204,0.21460703082129,0,0
2023-06-26 23:00:00,17.3919888854414,17.2537245842702,20,102086.514928204,2.72249159133872,0,0
2023-06-27 00:00:00,17.3919888854414,17.2537245842702,20,102086.514928204,1.06958597675045,0,0
2023-06-27 01:00:00,17.3919888854414,17.2537245842702,20,102086.514928204,0.684798678846861,0,0
2023-06-27 02:00:00,17.3919888854414,17.2537245842702,20,102086.514928204,0.0770262442583332,0,0
2023-06-27 03:00:00,17.3919888854414,17.2537245842702,20,102086.514928204,1.46722782694485,0,0
2023-06-27 04:00:00,17.3919888854414,17.2537245842702,20,102086.514928204,0.394591472319205,0,0
2023-06-27 05:00:00,17.3919888854414,17.2537245842702,20,102086.514928204,2.29431121977107,0,0
2023-06-27 06:00:00,17.3919888854414,17.2537245842702,20,102086.514928204,9.11356826015533,330.905455127029,0
2023-06-27 07:00:00,17.3919888854414,17.2537245842702,20,102086.514928204,1.65374580168678,298.55455936565,0
2023-06-27 08:00:00,17.3919888854414,17.2537245842702,20,102086.514928204,7.20882355548643,335.474435053118,0
2023-06-27 09:00:00,17.3919888854414,17.2537245842702,20,102086.514928204,4.73869282080821,262.213625616392,0
2023-06-27 10:00:00,17.3919888854414,17.2537245842702,20,102086.514928204,1.50784495975362,143.778633844679,0
2023-06-27 11:00:00,17.3919888854414,17.2537245842702,20,102086.514928204,0.618932330379887,7.3049630558794,0
2023-06-27 12:00:00,17.3919888854414,17.2537245842702,20,102086.514928204,1.97682419233884,0,0
2023-06-27 13:00:00,17.3919888854414,17.2537245842702,20,102086.514928204,0.39528413428157,0,0
2023-06-27 14:00:00,17.3919888854414,17.2537245842702,20,102086.514928204,3.90714414833898,0,0
2023-06-27 15:00:00,17.3919888854414,17.2537245842702,20,102086.514928204,0.212686320378645,0,0
2023-06-27 16:00:00,17.3919888854414,17.2537245842702,20,102086.514928204,1.50082206607502,0,0
2023-06-27 17:00:00,17.3919888854414,17.2537245842702,20,102086.514928204,0.542766797564119,0,0
2023-06-27 18:00:00,17.3919888854414,17.2537245842702,20,102086.514928204,0.127148778639979,0,0
2023-06-27 19:00:00,17.3919888854414,17.2537245842702,20,102086.514928204,0.898876434643903,0,0
2023-06-27 20:00:00,17.3919888854414,17.2537245842702,20,102086.514928204,2.49320690685257,0,0
2023-06-27 21:00:00,17.3919888854414,17.2537245842702,20,102086.514928204,3.90179405992959,0,0
2023-06-27 22:00:00,17.3919888854414,17.2537245842702,20,102086.514928204,2.92955221489108,0,0
2023-06-27 23:00:00,17.3919888854414,17.2537245842702,20,102086.514928204,0.660279272404502,0,0
2023-06-28 00:00:00,17.3919888854414,17.2537245842702,20,102086.514928204,2.45049829737557,0,0
2023-06-28 01:00:00,17.3919888854414,17.2537245842702,20,102086.514928204,7.59734923249348,0,0
2023-06-28 02:00:00,17.3919888854414,17.2537245842702,20,102086.514928204,10.7764987800278,0,0
2023-06-28 03:00:00,17.3919888854414,17.2537245842702,20,102086.514928204,0.233546833703647,0,0
2023-06-28 04:00:00,17.3919888854414,17.2537245842702,20,102086.514928204,4.39273049324304,0,0
2023-06-28 05:00:00,17.3919888854414,17.2537245842702,20,102086.514928204,5.57357227824798,0,0
2023-06-28 06:00:00,17.3919888854414,17.2537245842702,20,102086.514928204,2.53824517680195,228.815868155804,0
2023-06-28 07:00:00,17.3919888854414,17.2537245842702,20,102086.514928204,4.36495255331811,303.804364914483,0
2023-06-28 08:00:00,17.3919888854414,17.2537245842702,20,102086.514928204,4.2536840237212,117.85368816106,0
2023-06-28 09:00:00,17.3919888854414,17.2537245842702,20,102086.514928204,7.31868038129571,258.475378643562,0
2023-06-28 10:00:00,17.3919888854414,17.2537245842702,20,102086.514928204,0.31468091911753,290.732722223628,0
2023-06-28 11:00:00,17.3919888854414,17.2537245842702,20,102086.514928204,3.44764227868337,83.8535430793215,0
2023-06-28 12:00:00,17.3919888854414,17.2537245842702,20,102086.514928204,3.13819858928428,0,0
2023-06-28 13:00:00,17.3919888854414,17.2537245842702,20,102086.514928204,7.18497290777791,0,0
2023-06-28 14:00:00,17.3919888854414,17.2537245842702,20,102086.514928204,2.87620132316531,0,0
2023-06-28 15:00:00,17.3919888854414,17.2537245842702,20,102086.514928204,0.682715803511455,0,0
2023-06-28 16:00:00,17.3919888854414,17.2537245842702,20,102086.514928204,1.47293543550914,0,0
2023-06-28 17:00:00,17.3919888854414,17.2537245842702,20,102086.514928204,1.21117621608457,0,0
2023-06-28 18:00:00,17.3919888854414,17.2537245842702,20,102086.514928204,1.46926327302085,0,0
2023-06-28 19:00:00,17.3919888854414,17.2537245842702,20,102086.514928204,4.85604403165861,0,0
2023-06-28 20:00:00,17.3919888854414,17.2537245842702,20,102086.514928204,1.50141395309711,0,0
2023-06-28 21:00:00,17.3919888854414,17.2537245842702,20,102086.514928204,0.551840818933471,0,0
2023-06-28 22:00:00,17.3919888854414,17.2537245842702,20,102086.514928204,0.493714561347409,0,0
2023-06-28 23:00:00,17.3919888854414,17.2537245842702,20,102086.514928204,2.10739509955219,0,0
2023-06-29 00:00:00,17.3919888854414,17.2537245842702,20,102086.514928204,11.5942506602116,0,0
2023-06-29 01:00:00,17.3919888854414,17.2537245842702,20,102086.514928204,4.79556337409033,0,0
2023-06-29 02:00:00,17.3919888854414,17.2537245842702,20,102086.514928204,3.58371395426395,0,0
2023-06-29 03:00:00,17.3919888854414,17.2537245842702,20,102086.514928204,1.61954974337773,0,0
2023-06-29 04:00:00,17.3919888854414,17.2537245842702,20,102086.514928204,10.7101230681359,0,0
2023-06-29 05:00:00,17.3919888854414,17.2537245842702,20,102086.514928204,0.642092086230119,0,0
2023-06-29 06:00:00,17.3919888854414,17.2537245842702,20,102086.514928204,0.545231169910756,322.989029202516,0
2023-06-29 07:00:00,17.3919888854414,17.2537245842702,20,102086.514928204,12.351903150337,272.633804808842,0
2023-06-29 08:00:00,17.3919888854414,17.2537245842702,20,102086.514928204,0.12047252046,254.916080530334,0
2023-06-29 09:00:00,17.3919888854414,17.2537245842702,20,102086.514928204,1.70134106676928,225.309574953704,0
2023-06-29 10:00:00,17.3919888854414,17.2537245842702,20,102086.514928204,7.84809110071644,150.543937910112,0
2023-06-29 11:00:00,17.3919888854414,17.2537245842702,20,102086.514928204,1.55742324151304,29.1585275490226,0
2023-06-29 12:00:00,17.3919888854414,17.2537245842702,20,102086.514928204,0.898423626797262,0,0
2023-06-29 13:00:00,17.3919888854414,17.2537245842702,20,102086.514928204,0.0428951121285274,0,0
2023-06-29 14:00:00,17.3919888854414,17.2537245842702,20,102086.514928204,2.2863572501834,0,0
2023-06-29 15:00:00,17.3919888854414,17.2537245842702,20,102086.514928204,2.35438688268031,0,0
2023-06-29 16:00:00,17.3919888854414,17.2537245842702,20,102086.514928204,4.43722998065492,0,0
2023-06-29 17:00:00,17.3919888854414,17.2537245842702,20,102086.514928204,2.57752668748175,0,0
2023-06-29 18:00:00,17.3919888854414,17.2537245842702,20,102086.514928204,0.906760144480871,0,0
2023-06-29 19:00:00,17.3919888854414,17.2537245842702,20,102086.514928204,6.07439707607312,0,0
2023-06-29 20:00:00,17.3919888854414,17.2537245842702,20,102086.514928204,1.50500003990545,0,0
2023-06-29 21:00:00,17.3919888854414,17.2537245842702,20,102086.514928204,1.16138940116572,0,0
2023-06-29 22:00:00,17.3919888854414,17.2537245842702,20,102086.514928204,1.30842184609962,0,0
2023-06-29 23:00:00,17.3919888854414,17.2537245842702,20,102086.514928204,11.0551730364567,0,0
2023-06-30 00:00:00,17.3919888854414,17.2537245842702,20,102086.514928204,2.80431448811641,0,0
2023-06-30 01:00:00,17.3919888854414,17.2537245842702,20,102086.514928204,0.710852392258387,0,0
2023-06-30 02:00:00,17.3919888854414,17.2537245842702,20,102086.514928204,2.36106234104119,0,0
2023-06-30 03:00:00,17.3919888854414,17.2537245842702,20,102086.514928204,3.65250626717861,0,0
2023-06-30 04:00:00,17.3919888854414,17.2537245842702,20,102086.514928204,0.211387505031227,0,0
2023-06-30 05:00:00,17.3919888854414,17.2537245842702,20,102086.514928204,5.59036103390407,0,0
2023-06-30 06:00:00,17.3919888854414,17.2537245842702,20,102086.514928204,0.0296284850977605,283.172370506091,0
2023-06-30 07:00:00,17.3919888854414,17.2537245842702,20,102086.514928204,5.00799394768241,266.492985880779,0
2023-06-30 08:00:00,17.3919888854414,17.2537245842702,20,102086.514928204,0.510095862734036,269.77882043467,0
2023-06-30 09:00:00,17.3919888854414,17.2537245842702,20,102086.514928204,2.59760144159122,220.642136830633,0
2023-06-30 10:00:00,17.3919888854414,17.2537245842702,20,102086.514928204,1.11421419142744,70.8911618326936,0
2023-06-30 11:00:00,17.3919888854414,17.2537245842702,20,102086.514928204,0.429132659862073,47.4974685231483,0
2023-06-30 12:00:00,17.3919888854414,17.2537245842702,20,102086.514928204,5.39317802450882,0,0
2023-06-30 13:00:00,17.3919888854414,17.2537245842702,20,102086.514928204,3.05632468106433,0,0
2023-06-30 14:00:00,17.3919888854414,17.2537245842702,20,102086.514928204,0.53506432373928,0,0
2023-06-30 15:00:00,17.3919888854414,17.2537245842702,20,102086.514928204,6.07485079409004,0,0
2023-06-30 16:00:00,17.3919888854414,17.2537245842702,20,102086.514928204,8.5932060687327,0,0
2023-06-30 17:00:00,17.3919888854414,17.2537245842702,20,102086.514928204,0.965160065359839,0,0
2023-06-30 18:00:00,17.3919888854414,17.2537245842702,20,102086.514928204,5.43059975538546,0,0
2023-06-30 19:00:00,17.3919888854414,17.2537245842702,20,102086.514928204,3.15107108642333,0,0
2023-06-30 20:00:00,17.3919888854414,17.2537245842702,20,102086.514928204,5.25283700868173,0,0
2023-06-30 21:00:00,17.3919888854414,17.2537245842702,20,102086.514928204,7.9165044446742,0,0
2023-06-30 22:00:00,17.3919888854414,17.2537245842702,20,102086.514928204,1.31683598780544,0,0
2023-06-30 23:00:00,17.3919888854414,17.2537245842702,20,102086.514928204,0.401455665313591,0,0
